rank,layer,neuron,direction,mean_g,abs_mean_g,mean_abs_g,std_g,positive_fraction,sign_consistency,snr
1,30,5341,suppresses_cannot,-0.0389994196593761,0.0389994196593761,0.0389994196593761,0.0495647676289081,0.0,1.0,0.7868375182151794
8,20,5425,suppresses_cannot,-0.0116213764995336,0.0116213764995336,0.0116213764995336,0.0136335706338286,0.0,1.0,0.8524088859558105
10,27,6070,suppresses_cannot,-0.0113402344286441,0.0113402344286441,0.0113402344286441,0.0109015544876456,0.0,1.0,1.0402401685714722
13,24,5326,suppresses_cannot,-0.0101906787604093,0.0101906787604093,0.0104982135817408,0.0122821824625134,0.0154639175161719,0.984536111354828,0.8297123908996582
19,23,7812,suppresses_cannot,-0.0077183418907225,0.0077183418907225,0.0078958822414278,0.0090054580941796,0.0463917516171932,0.9536082744598388,0.8570737838745117
20,20,6356,suppresses_cannot,-0.0075061442330479,0.0075061442330479,0.0075061442330479,0.0057204896584153,0.0,1.0,1.3121505975723269
21,31,5041,suppresses_cannot,-0.0074825482442975,0.0074825482442975,0.0074825482442975,0.0065969680435955,0.0,1.0,1.1342405080795288
22,30,13853,suppresses_cannot,-0.0071851396933197,0.0071851396933197,0.0071851396933197,0.0060146646574139,0.0,1.0,1.1946035623550415
26,22,12959,suppresses_cannot,-0.0065341624431312,0.0065341624431312,0.0067280726507306,0.0073264162056148,0.0670103058218956,0.9329897165298462,0.8918634057044983
28,22,8514,suppresses_cannot,-0.0062408177182078,0.0062408177182078,0.0062641925178468,0.0062621352262794,0.0154639175161719,0.984536111354828,0.9965957999229432
29,30,5905,suppresses_cannot,-0.0060759084299206,0.0060759084299206,0.0060759084299206,0.0048550246283411,0.0,1.0,1.251468062400818
33,16,2432,suppresses_cannot,-0.0058316690847277,0.0058316690847277,0.0058316690847277,0.0054994896054267,0.0,1.0,1.0604019165039062
34,31,714,suppresses_cannot,-0.005712155252695,0.005712155252695,0.005712155252695,0.005212262738496,0.0,1.0,1.0959069728851318
36,10,9064,suppresses_cannot,-0.005480037536472,0.005480037536472,0.0062915873713791,0.0059002824127674,0.0773195847868919,0.92268043756485,0.9287754893302916
37,31,9678,suppresses_cannot,-0.005310196429491,0.005310196429491,0.005310196429491,0.0046354113146662,0.0,1.0,1.1455718278884888
38,12,1481,suppresses_cannot,-0.0052438029088079,0.0052438029088079,0.0057927160523831,0.0073823612183332,0.0876288637518882,0.9123711585998536,0.7103151082992554
39,16,6950,suppresses_cannot,-0.0052130920812487,0.0052130920812487,0.0055087287910282,0.0082906251773238,0.0515463910996913,0.9484536051750184,0.6287935972213745
41,14,3917,suppresses_cannot,-0.0049982932396233,0.0049982932396233,0.0056678955443203,0.0072379717603325,0.1340206116437912,0.8659793734550476,0.6905654668807983
49,28,5152,suppresses_cannot,-0.0045416723005473,0.0045416723005473,0.0045416723005473,0.0033988163340836,0.0,1.0,1.336251139640808
52,16,8987,suppresses_cannot,-0.0043361457064747,0.0043361457064747,0.0043361457064747,0.0057620177976787,0.0,1.0,0.7525394558906555
53,20,9424,suppresses_cannot,-0.0043312120251357,0.0043312120251357,0.00533641083166,0.0073319454677402,0.1701030880212783,0.8298969268798828,0.5907316207885742
54,14,5718,suppresses_cannot,-0.0042698900215327,0.0042698900215327,0.0044425837695598,0.0050622723065316,0.0309278350323438,0.969072163105011,0.8434730172157288
56,17,4374,suppresses_cannot,-0.0042263553477823,0.0042263553477823,0.0044072484597563,0.0042272908613085,0.0567010305821895,0.9432989954948424,0.999778687953949
59,24,3804,suppresses_cannot,-0.0041749896481633,0.0041749896481633,0.0041749896481633,0.0038404904771596,0.0,1.0,1.0870980024337769
61,31,10712,suppresses_cannot,-0.0041497419588267,0.0041497419588267,0.0041497419588267,0.0034880079329013,0.0,1.0,1.189716935157776
62,10,1084,suppresses_cannot,-0.0041310149244964,0.0041310149244964,0.0061516785062849,0.0072988369502127,0.1752577275037765,0.8247422575950623,0.5659826397895813
65,20,13715,suppresses_cannot,-0.0041081784293055,0.0041081784293055,0.0041081784293055,0.0064535164274275,0.0,1.0,0.6365798115730286
66,24,12782,suppresses_cannot,-0.0040537058375775,0.0040537058375775,0.0040537058375775,0.0027670143172144,0.0,1.0,1.4650107622146606
68,26,13447,suppresses_cannot,-0.0040347403846681,0.0040347403846681,0.0040347403846681,0.0032845807727426,0.0,1.0,1.2283881902694702
70,20,9623,suppresses_cannot,-0.0039169173687696,0.0039169173687696,0.0039185299538075,0.003301010467112,0.0051546390168368,0.9948453903198242,1.1865813732147217
72,28,4074,suppresses_cannot,-0.0038419556804001,0.0038419556804001,0.0038419556804001,0.0038485960103571,0.0,1.0,0.9982746243476868
75,31,7944,suppresses_cannot,-0.0036962842568755,0.0036962842568755,0.0036962842568755,0.0025483856443315,0.0,1.0,1.4504414796829224
76,31,10075,suppresses_cannot,-0.0036817234940826,0.0036817234940826,0.0036817234940826,0.0033337604254484,0.0,1.0,1.1043756008148191
77,17,13532,suppresses_cannot,-0.0036463076248764,0.0036463076248764,0.0046251881867647,0.0057386625558137,0.1546391695737838,0.8453608155250549,0.6353932619094849
78,30,11970,suppresses_cannot,-0.0036428098101168,0.0036428098101168,0.0036428098101168,0.0028453420381993,0.0,1.0,1.280271291732788
81,18,3031,suppresses_cannot,-0.0035517732612788,0.0035517732612788,0.0035517732612788,0.0041981553658843,0.0,1.0,0.846031904220581
82,27,8839,suppresses_cannot,-0.0035512668546289,0.0035512668546289,0.0035512668546289,0.003460134845227,0.0,1.0,1.026337742805481
84,26,12639,suppresses_cannot,-0.0035355458967387,0.0035355458967387,0.0035355458967387,0.0032133199274539,0.0,1.0,1.1002782583236694
85,31,11276,suppresses_cannot,-0.0035137883387506,0.0035137883387506,0.0035137883387506,0.0031479375902563,0.0,1.0,1.116219162940979
86,20,10080,suppresses_cannot,-0.0034774602390825,0.0034774602390825,0.0034818453714251,0.003179429564625,0.0051546390168368,0.9948453903198242,1.0937371253967283
89,17,8517,suppresses_cannot,-0.0034250575117766,0.0034250575117766,0.0034250575117766,0.0030140099115669,0.0,1.0,1.1363790035247805
94,31,3611,suppresses_cannot,-0.0033440541010349,0.0033440541010349,0.0033440541010349,0.003291678847745,0.0,1.0,1.0159114599227903
95,21,13085,suppresses_cannot,-0.00334377377294,0.00334377377294,0.00334377377294,0.003056084504351,0.0,1.0,1.0941365957260132
97,16,14185,suppresses_cannot,-0.0032677613198757,0.0032677613198757,0.0032686928752809,0.0024962937459349,0.0103092780336737,0.9896907210350036,1.3090451955795288
102,12,1889,suppresses_cannot,-0.0031586203258484,0.0031586203258484,0.0032026872504502,0.0026733130216598,0.0206185560673475,0.9793814420700072,1.1815377473831177
105,17,5245,suppresses_cannot,-0.0031052324920892,0.0031052324920892,0.0031052324920892,0.0024483429733663,0.0,1.0,1.268299579620361
110,31,3387,suppresses_cannot,-0.0030305292457342,0.0030305292457342,0.0031771333888173,0.002864122390747,0.0360824726521968,0.9639175534248352,1.0581004619598389
111,27,11269,suppresses_cannot,-0.0030304819811135,0.0030304819811135,0.0030304819811135,0.0026505885180085,0.0,1.0,1.1433241367340088
113,31,10715,suppresses_cannot,-0.0030214565340429,0.0030214565340429,0.0030214565340429,0.0027290019206702,0.0,1.0,1.1071654558181765
115,28,6033,suppresses_cannot,-0.0029961883556097,0.0029961883556097,0.002999679883942,0.0028237833175808,0.0103092780336737,0.9896907210350036,1.0610545873641968
116,15,630,suppresses_cannot,-0.0029855265747755,0.0029855265747755,0.0029855265747755,0.0029698198195546,0.0,1.0,1.00528883934021
119,31,5369,suppresses_cannot,-0.0029663105960935,0.0029663105960935,0.0029663105960935,0.0025895291473716,0.0,1.0,1.145501971244812
123,22,9265,suppresses_cannot,-0.0028693701606243,0.0028693701606243,0.0028693701606243,0.0027930738870054,0.0,1.0,1.0273162126541138
124,15,1026,suppresses_cannot,-0.0028661931864917,0.0028661931864917,0.0028693072963505,0.0108534023165702,0.0154639175161719,0.984536111354828,0.2640824615955353
126,18,9102,suppresses_cannot,-0.0028450635727494,0.0028450635727494,0.0028550133574754,0.0030782460235059,0.0051546390168368,0.9948453903198242,0.9242482781410216
127,25,12935,suppresses_cannot,-0.0028367387130856,0.0028367387130856,0.0028367387130856,0.0019873597193509,0.0,1.0,1.427390694618225
129,15,8697,suppresses_cannot,-0.0028179679065942,0.0028179679065942,0.0030485750176012,0.004028181079775,0.0721649453043937,0.9278350472450256,0.6995633840560913
130,15,1832,suppresses_cannot,-0.00279047107324,0.00279047107324,0.00279047107324,0.0028966106474399,0.0,1.0,0.9633573293685912
131,15,5862,suppresses_cannot,-0.0027885080780833,0.0027885080780833,0.0028725494630634,0.0028368241619318,0.041237112134695,0.9587628841400146,0.982968270778656
132,27,4251,suppresses_cannot,-0.0027844242285937,0.0027844242285937,0.0027844242285937,0.0027649868279695,0.0,1.0,1.0070298910140991
134,17,9255,suppresses_cannot,-0.002780761802569,0.002780761802569,0.002780761802569,0.0020909109152853,0.0,1.0,1.3299283981323242
138,29,9595,suppresses_cannot,-0.002743691438809,0.002743691438809,0.002743691438809,0.0024058520793914,0.0,1.0,1.1404240131378174
141,30,12336,suppresses_cannot,-0.0027339484076946,0.0027339484076946,0.0027339484076946,0.0020461659878492,0.0,1.0,1.336132287979126
142,18,3261,suppresses_cannot,-0.0027243446093052,0.0027243446093052,0.0030537764541804,0.0054476326331496,0.190721645951271,0.8092783689498901,0.5000969767570496
143,31,10716,suppresses_cannot,-0.0027216931339353,0.0027216931339353,0.0027216931339353,0.0033312027808278,0.0,1.0,0.817030131816864
144,22,3766,suppresses_cannot,-0.0027071807999163,0.0027071807999163,0.0027458881959319,0.002762682037428,0.0309278350323438,0.969072163105011,0.979910373687744
145,14,12421,suppresses_cannot,-0.0027071433141827,0.0027071433141827,0.0027080234140157,0.0041027329862117,0.0051546390168368,0.9948453903198242,0.6598390340805054
147,18,9220,suppresses_cannot,-0.0026769589167088,0.0026769589167088,0.0026769589167088,0.0021262771915644,0.0,1.0,1.2589887380599976
153,29,10790,suppresses_cannot,-0.0026497398503124,0.0026497398503124,0.0026497398503124,0.0019284195732325,0.0,1.0,1.3740473985671997
154,29,841,suppresses_cannot,-0.0026413337327539,0.0026413337327539,0.0027786628343164,0.0023509745951741,0.0154639175161719,0.984536111354828,1.1235058307647705
155,28,6596,suppresses_cannot,-0.0026286311913281,0.0026286311913281,0.0026286311913281,0.0024875176604837,0.0,1.0,1.0567286014556885
157,31,5441,suppresses_cannot,-0.0026224569883197,0.0026224569883197,0.0026224569883197,0.0023205270990729,0.0,1.0,1.130112648010254
159,15,8354,suppresses_cannot,-0.0026164343580603,0.0026164343580603,0.0027583143673837,0.0073181423358619,0.2010309249162674,0.7989690899848938,0.3575271070003509
160,14,1559,suppresses_cannot,-0.0026161633431911,0.0026161633431911,0.0028288203757256,0.0032534268684685,0.0618556700646877,0.938144326210022,0.8041254281997681
162,31,124,suppresses_cannot,-0.00260770926252,0.00260770926252,0.00260770926252,0.0021721203811466,0.0,1.0,1.2005362510681152
166,31,11861,suppresses_cannot,-0.0025739276316016,0.0025739276316016,0.0025739276316016,0.0022991632577031,0.0,1.0,1.1195062398910522
167,23,5722,suppresses_cannot,-0.0025662686675786,0.0025662686675786,0.0025662686675786,0.0023659376893192,0.0,1.0,1.084672927856445
169,26,9692,suppresses_cannot,-0.002551648998633,0.002551648998633,0.002551648998633,0.0025783281307667,0.0,1.0,0.9896525740623474
170,15,4768,suppresses_cannot,-0.002546552568674,0.002546552568674,0.0028021642938256,0.0044981059618294,0.1443298906087875,0.8556700944900513,0.5661388635635376
175,19,6569,suppresses_cannot,-0.0025101138744503,0.0025101138744503,0.0025103031657636,0.0026484087575227,0.0051546390168368,0.9948453903198242,0.9477819204330444
177,15,13318,suppresses_cannot,-0.0024801432155072,0.0024801432155072,0.0024856096133589,0.0022167204879224,0.0051546390168368,0.9948453903198242,1.118834376335144
180,13,2776,suppresses_cannot,-0.0024365752469748,0.0024365752469748,0.0024419212713837,0.0030372065957635,0.0309278350323438,0.969072163105011,0.8022421598434448
182,16,9495,suppresses_cannot,-0.0024178752209991,0.0024178752209991,0.0025970775168389,0.0033111860975623,0.0309278350323438,0.969072163105011,0.7302142381668091
184,18,11782,suppresses_cannot,-0.0024108751676976,0.0024108751676976,0.0025125385727733,0.0026695728302001,0.0567010305821895,0.9432989954948424,0.9030939936637878
186,21,10170,suppresses_cannot,-0.0024068681523203,0.0024068681523203,0.0030510271899402,0.0033636467996984,0.1546391695737838,0.8453608155250549,0.7155531644821167
189,29,4265,suppresses_cannot,-0.0023909893352538,0.0023909893352538,0.0023909893352538,0.0019808793440461,0.0,1.0,1.2070343494415283
192,24,8362,suppresses_cannot,-0.002381196944043,0.002381196944043,0.002381196944043,0.001944244839251,0.0,1.0,1.2247413396835327
194,16,6901,suppresses_cannot,-0.0023758392781019,0.0023758392781019,0.0024623728822916,0.0031789089553058,0.0463917516171932,0.9536082744598388,0.7473756670951843
196,14,8131,suppresses_cannot,-0.002366944681853,0.002366944681853,0.0023672764655202,0.0032830403652042,0.0103092780336737,0.9896907210350036,0.7209612131118774
197,25,5676,suppresses_cannot,-0.0023637211415916,0.0023637211415916,0.0023637211415916,0.0019999553915113,0.0,1.0,1.181886911392212
200,21,4502,suppresses_cannot,-0.0023510234896093,0.0023510234896093,0.0023510234896093,0.0016574983019381,0.0,1.0,1.4184168577194214
201,28,435,suppresses_cannot,-0.0023492046166211,0.0023492046166211,0.0023492046166211,0.0022537347394973,0.0,1.0,1.042360782623291
202,30,2226,suppresses_cannot,-0.0023477002978324,0.0023477002978324,0.0023477002978324,0.0021833425853401,0.0,1.0,1.0752780437469482
205,28,2570,suppresses_cannot,-0.0023330806288868,0.0023330806288868,0.0023330806288868,0.0020130898337811,0.0,1.0,1.1589550971984863
206,20,5512,suppresses_cannot,-0.0023255101405084,0.0023255101405084,0.0023255101405084,0.0019942226354032,0.0,1.0,1.166123628616333
208,24,5048,suppresses_cannot,-0.0023170548956841,0.0023170548956841,0.0023170548956841,0.002349616959691,0.0,1.0,0.986141562461853
211,31,2085,suppresses_cannot,-0.0023126062005758,0.0023126062005758,0.0023407640401273,0.002243764931336,0.0154639175161719,0.984536111354828,1.0306811332702637
212,31,5883,suppresses_cannot,-0.0023094846401363,0.0023094846401363,0.0023094846401363,0.0024530431255698,0.0,1.0,0.9414774179458618
213,20,11425,suppresses_cannot,-0.0023065251298248,0.0023065251298248,0.0023065251298248,0.0034917725715786,0.0,1.0,0.6605599522590637
214,27,6091,suppresses_cannot,-0.0023042147513478,0.0023042147513478,0.0023042147513478,0.0019191559404134,0.0,1.0,1.200639724731445
