rank,layer,neuron,direction,mean_ig,abs_mean_ig,mean_abs_ig,std_g,positive_fraction,sign_consistency,snr
1,31,9936,supports_cannot,0.0034556984901428223,0.0034556984901428223,0.0034556984901428223,0.0022051455453038216,1.0,1.0,1.5671067237854004
3,11,11321,supports_cannot,0.0017544031143188477,0.0017544031143188477,0.0017544031143188477,0.0007985046249814332,1.0,1.0,2.197110891342163
4,16,1241,supports_cannot,0.0017249584197998047,0.0017249584197998047,0.0017249584197998047,0.0002208135847467929,1.0,1.0,7.811830997467041
5,13,4208,supports_cannot,0.0014586448669433594,0.0014586448669433594,0.0014586448669433594,0.0008899080567061901,1.0,1.0,1.6390961408615112
6,25,8701,supports_cannot,0.0012286901473999023,0.0012286901473999023,0.0012286901473999023,0.00019340064318384975,1.0,1.0,6.353082180023193
8,20,2204,supports_cannot,0.0009500980377197266,0.0009500980377197266,0.0009500980377197266,0.0002189551159972325,1.0,1.0,4.339236736297607
9,7,6673,supports_cannot,0.0009468197822570801,0.0009468197822570801,0.0009468197822570801,0.000682726560626179,1.0,1.0,1.3868213891983032
10,12,13860,supports_cannot,0.0009052753448486328,0.0009052753448486328,0.0009052753448486328,0.00025955133605748415,1.0,1.0,3.487847089767456
14,22,4821,supports_cannot,0.0007593631744384766,0.0007593631744384766,0.0007593631744384766,0.00029266392812132835,1.0,1.0,2.5946593284606934
18,31,13076,supports_cannot,0.0007150769233703613,0.0007150769233703613,0.0007150769233703613,0.00030275495373643935,1.0,1.0,2.3619000911712646
19,18,7148,supports_cannot,0.0006688833236694336,0.0006688833236694336,0.0006688833236694336,0.00047378704766742885,1.0,1.0,1.4117804765701294
20,9,4255,supports_cannot,0.0006521940231323242,0.0006521940231323242,0.0006521940231323242,0.00025527412071824074,1.0,1.0,2.554877281188965
21,16,6310,supports_cannot,0.0006474852561950684,0.0006474852561950684,0.0006474852561950684,0.00034854147816076875,1.0,1.0,1.8576992750167847
22,15,5679,supports_cannot,0.0006380081176757812,0.0006380081176757812,0.0006380081176757812,0.0003025508194696158,1.0,1.0,2.1087634563446045
30,31,14073,supports_cannot,0.0005634427070617676,0.0005634427070617676,0.0005634427070617676,0.0002591659431345761,1.0,1.0,2.1740615367889404
31,26,529,supports_cannot,0.0005374550819396973,0.0005374550819396973,0.0005374550819396973,0.00026857186458073556,1.0,1.0,2.001159191131592
33,6,5866,supports_cannot,0.0005045086145401001,0.0005045086145401001,0.0006315857172012329,0.0005940028349868953,0.75,0.75,0.8493370413780212
34,20,1168,supports_cannot,0.0005035996437072754,0.0005035996437072754,0.0005035996437072754,8.047048322623596e-05,1.0,1.0,6.258191108703613
36,18,5964,supports_cannot,0.0004807412624359131,0.0004807412624359131,0.0004807412624359131,0.00021359782840590924,1.0,1.0,2.2506842613220215
37,16,12528,supports_cannot,0.0004627108573913574,0.0004627108573913574,0.0004627108573913574,0.00021572186960838735,1.0,1.0,2.144941806793213
38,26,592,supports_cannot,0.0004526972770690918,0.0004526972770690918,0.0004526972770690918,9.082955511985347e-05,1.0,1.0,4.984030723571777
40,16,11277,supports_cannot,0.00045108795166015625,0.00045108795166015625,0.00045108795166015625,0.0001298771967412904,1.0,1.0,3.4731881618499756
44,16,4974,supports_cannot,0.00043007731437683105,0.00043007731437683105,0.00043007731437683105,0.00012580868497025222,1.0,1.0,3.4185025691986084
46,19,8952,supports_cannot,0.00041371583938598633,0.00041371583938598633,0.00041371583938598633,0.00015579329920001328,1.0,1.0,2.655543327331543
47,31,11999,supports_cannot,0.000406116247177124,0.000406116247177124,0.000406116247177124,0.00020306705846451223,1.0,1.0,1.9999120235443115
48,28,4130,supports_cannot,0.0004004836082458496,0.0004004836082458496,0.0004004836082458496,4.505586912273429e-05,1.0,1.0,8.88860034942627
50,30,12394,supports_cannot,0.0003820359706878662,0.0003820359706878662,0.0003820359706878662,0.00012977028382010758,1.0,1.0,2.9439404010772705
51,31,5099,supports_cannot,0.0003758072853088379,0.0003758072853088379,0.0003758072853088379,0.00016511199646629393,1.0,1.0,2.2760748863220215
53,31,8591,supports_cannot,0.0003681182861328125,0.0003681182861328125,0.0003681182861328125,0.00013527434202842414,1.0,1.0,2.7212719917297363
56,22,7399,supports_cannot,0.00036385655403137207,0.00036385655403137207,0.00036385655403137207,9.808578761294484e-05,1.0,1.0,3.7095746994018555
58,10,11570,supports_cannot,0.00035381317138671875,0.00035381317138671875,0.00047391653060913086,0.0004876476596109569,0.75,0.75,0.7255508303642273
61,11,4258,supports_cannot,0.00035127997398376465,0.00035127997398376465,0.00043782591819763184,0.00046432105591520667,0.75,0.75,0.7565454244613647
63,27,1686,supports_cannot,0.000347137451171875,0.000347137451171875,0.000347137451171875,7.040618220344186e-05,1.0,1.0,4.930496692657471
69,28,12743,supports_cannot,0.0003349781036376953,0.0003349781036376953,0.0003349781036376953,8.164974860846996e-05,1.0,1.0,4.1026225090026855
73,19,12151,supports_cannot,0.0003269016742706299,0.0003269016742706299,0.0003269016742706299,0.0001925716787809506,1.0,1.0,1.6975584030151367
78,17,1632,supports_cannot,0.0003223121166229248,0.0003223121166229248,0.0003223121166229248,0.0002185193879995495,1.0,1.0,1.4749817848205566
79,18,3236,supports_cannot,0.0003216564655303955,0.0003216564655303955,0.0003216564655303955,8.998312841868028e-05,1.0,1.0,3.5746307373046875
80,16,3884,supports_cannot,0.00032126903533935547,0.00032126903533935547,0.00032126903533935547,0.00019696452363859862,1.0,1.0,1.6311010122299194
81,23,2343,supports_cannot,0.0003198981285095215,0.0003198981285095215,0.0003198981285095215,0.00018750340677797794,1.0,1.0,1.706092357635498
86,27,8140,supports_cannot,0.0003116875886917114,0.0003116875886917114,0.0003116875886917114,0.00012598477769643068,1.0,1.0,2.4740099906921387
87,18,11215,supports_cannot,0.0003111511468887329,0.0003111511468887329,0.0003111511468887329,0.00019609826267696917,1.0,1.0,1.5867103338241577
88,30,11618,supports_cannot,0.00031048059463500977,0.00031048059463500977,0.00031048059463500977,4.376665674499236e-05,1.0,1.0,7.093998432159424
89,10,4789,supports_cannot,0.0003084540367126465,0.0003084540367126465,0.0003084540367126465,0.00013899183250032365,1.0,1.0,2.219224214553833
90,18,8592,supports_cannot,0.0003072023391723633,0.0003072023391723633,0.0003072023391723633,0.00010293533705407754,1.0,1.0,2.9844205379486084
91,24,13102,supports_cannot,0.00030663609504699707,0.00030663609504699707,0.00030663609504699707,7.788629591232166e-05,1.0,1.0,3.9369711875915527
92,16,12860,supports_cannot,0.0003059506416320801,0.0003059506416320801,0.0003059506416320801,0.00013619413948617876,1.0,1.0,2.2464303970336914
93,28,7137,supports_cannot,0.0002987384796142578,0.0002987384796142578,0.0002987384796142578,3.5274671972729266e-05,1.0,1.0,8.46892261505127
94,17,4802,supports_cannot,0.00029584765434265137,0.00029584765434265137,0.00029584765434265137,0.00016121086082421243,1.0,1.0,1.8351595401763916
95,31,12446,supports_cannot,0.00029546022415161133,0.00029546022415161133,0.00029546022415161133,3.182034197379835e-05,1.0,1.0,9.285262107849121
96,23,4769,supports_cannot,0.0002935826778411865,0.0002935826778411865,0.0002935826778411865,8.439955854555592e-05,1.0,1.0,3.4784858226776123
99,13,13879,supports_cannot,0.0002912282943725586,0.0002912282943725586,0.0005549192428588867,0.0006772399647161365,0.75,0.75,0.43002229928970337
100,31,7267,supports_cannot,0.0002910494804382324,0.0002910494804382324,0.0002910494804382324,0.00010225522419204935,1.0,1.0,2.846304178237915
101,28,3057,supports_cannot,0.0002899169921875,0.0002899169921875,0.0002899169921875,5.5479085858678445e-05,1.0,1.0,5.225698947906494
103,15,11853,supports_cannot,0.00028818845748901367,0.00028818845748901367,0.00028818845748901367,0.00013876846060156822,1.0,1.0,2.0767576694488525
106,2,4786,supports_cannot,0.0002845078706741333,0.0002845078706741333,0.0002983659505844116,0.0002498355752322823,0.75,0.75,1.1387804746627808
107,31,10850,supports_cannot,0.00028076767921447754,0.00028076767921447754,0.00028076767921447754,9.811900235945359e-05,1.0,1.0,2.861501455307007
108,30,7545,supports_cannot,0.00028073787689208984,0.00028073787689208984,0.00028073787689208984,9.735542698763311e-05,1.0,1.0,2.883638620376587
110,28,9628,supports_cannot,0.00027936697006225586,0.00027936697006225586,0.00027936697006225586,7.233565702335909e-05,1.0,1.0,3.8620920181274414
112,28,11275,supports_cannot,0.00027629733085632324,0.00027629733085632324,0.00027629733085632324,0.00014309953257907182,1.0,1.0,1.9308052062988281
114,23,1498,supports_cannot,0.00027501583099365234,0.00027501583099365234,0.00027501583099365234,6.973193376325071e-05,1.0,1.0,3.9439008235931396
116,20,5237,supports_cannot,0.0002743452787399292,0.0002743452787399292,0.0002743452787399292,0.00016359807341359556,1.0,1.0,1.6769468784332275
118,24,9569,supports_cannot,0.0002693682909011841,0.0002693682909011841,0.0002693682909011841,0.00013525380927603692,1.0,1.0,1.9915763139724731
121,19,14046,supports_cannot,0.00026804208755493164,0.00026804208755493164,0.00026804208755493164,0.0001736164267640561,1.0,1.0,1.5438750982284546
123,19,900,supports_cannot,0.0002669692039489746,0.0002669692039489746,0.0002669692039489746,5.766757749370299e-05,1.0,1.0,4.629450798034668
124,29,911,supports_cannot,0.00026676058769226074,0.00026676058769226074,0.00026676058769226074,0.00014619468129239976,1.0,1.0,1.8246941566467285
125,17,12927,supports_cannot,0.00026601552963256836,0.00026601552963256836,0.00026601552963256836,0.00012309374869801104,1.0,1.0,2.161080837249756
126,18,3876,supports_cannot,0.0002658665180206299,0.0002658665180206299,0.0002658665180206299,3.907541395165026e-05,1.0,1.0,6.803933620452881
129,15,5080,supports_cannot,0.00026363134384155273,0.00026363134384155273,0.00026363134384155273,0.00024666922399774194,1.0,1.0,1.0687646865844727
130,28,7737,supports_cannot,0.00026276707649230957,0.00026276707649230957,0.00026276707649230957,3.8924925320316106e-05,1.0,1.0,6.750612258911133
132,14,12563,supports_cannot,0.00026166439056396484,0.00026166439056396484,0.00026166439056396484,7.10333843016997e-05,1.0,1.0,3.6836819648742676
133,9,592,supports_cannot,0.00026138126850128174,0.00026138126850128174,0.00026331841945648193,0.00036409319727681577,0.75,0.75,0.717896580696106
136,28,13790,supports_cannot,0.0002588927745819092,0.0002588927745819092,0.0002588927745819092,6.689544534310699e-05,1.0,1.0,3.8701107501983643
138,26,11941,supports_cannot,0.0002574622631072998,0.0002574622631072998,0.0002707540988922119,0.00019329502538312227,0.75,0.75,1.3319653272628784
140,31,287,supports_cannot,0.0002563297748565674,0.0002563297748565674,0.0002563297748565674,0.00010486157407285646,1.0,1.0,2.444458484649658
141,31,2153,supports_cannot,0.0002560913562774658,0.0002560913562774658,0.0002560913562774658,8.286659431178123e-05,1.0,1.0,3.090405225753784
146,30,3382,supports_cannot,0.00025340914726257324,0.00025340914726257324,0.00025340914726257324,0.00016795253031887114,1.0,1.0,1.5088140964508057
147,31,5603,supports_cannot,0.0002533644437789917,0.0002533644437789917,0.0002533644437789917,0.0001443138171453029,1.0,1.0,1.755649209022522
151,23,9380,supports_cannot,0.00025226175785064697,0.00025226175785064697,0.00025226175785064697,0.00013385858619585633,1.0,1.0,1.884539246559143
153,19,6804,supports_cannot,0.00025078654289245605,0.00025078654289245605,0.00025078654289245605,7.607777661178261e-05,1.0,1.0,3.2964494228363037
154,15,10757,supports_cannot,0.0002498924732208252,0.0002498924732208252,0.00032851099967956543,0.00024214110453613102,0.75,0.75,1.0320117473602295
155,17,6950,supports_cannot,0.0002485811710357666,0.0002485811710357666,0.0002485811710357666,8.739989425521344e-05,1.0,1.0,2.844181537628174
156,29,8508,supports_cannot,0.0002484321594238281,0.0002484321594238281,0.0002484321594238281,6.961148756090552e-05,1.0,1.0,3.568838596343994
158,28,10351,supports_cannot,0.00024449825286865234,0.00024449825286865234,0.00024449825286865234,5.707642048946582e-05,1.0,1.0,4.283699989318848
160,12,6358,supports_cannot,0.00024390220642089844,0.00024390220642089844,0.00024390220642089844,0.000101352998171933,1.0,1.0,2.4064626693725586
162,14,7642,supports_cannot,0.00024271011352539062,0.00024271011352539062,0.00024271011352539062,0.00013732234947383404,1.0,1.0,1.7674480676651
165,18,4164,supports_cannot,0.00024113059043884277,0.00024113059043884277,0.00024113059043884277,2.4515033146599308e-05,1.0,1.0,9.836029052734375
167,30,2049,supports_cannot,0.00024005770683288574,0.00024005770683288574,0.00024005770683288574,4.512857776717283e-05,1.0,1.0,5.319416522979736
171,20,4035,supports_cannot,0.00023896992206573486,0.00023896992206573486,0.00023896992206573486,0.00010739372373791412,1.0,1.0,2.2251758575439453
172,25,11921,supports_cannot,0.00023728609085083008,0.00023728609085083008,0.00023728609085083008,0.00016089610289782286,1.0,1.0,1.474778413772583
176,30,1754,supports_cannot,0.00023323297500610352,0.00023323297500610352,0.00023323297500610352,5.9663536376319826e-05,1.0,1.0,3.909137725830078
177,23,12181,supports_cannot,0.00023217499256134033,0.00023217499256134033,0.00023217499256134033,0.00016471502021886408,1.0,1.0,1.4095556735992432
178,31,4995,supports_cannot,0.00023186206817626953,0.00023186206817626953,0.00023186206817626953,7.14962588972412e-05,1.0,1.0,3.2429957389831543
180,31,5178,supports_cannot,0.00023096799850463867,0.00023096799850463867,0.00023096799850463867,8.861711103236303e-05,1.0,1.0,2.6063590049743652
182,15,6918,supports_cannot,0.00023058056831359863,0.00023058056831359863,0.00023058056831359863,0.00010109679715242237,1.0,1.0,2.280790090560913
185,18,730,supports_cannot,0.00023025274276733398,0.00023025274276733398,0.00023025274276733398,0.0001245610328624025,1.0,1.0,1.8485134840011597
186,31,10014,supports_cannot,0.00022917985916137695,0.00022917985916137695,0.00022917985916137695,6.015059625497088e-05,1.0,1.0,3.810101270675659
188,16,2995,supports_cannot,0.00022721290588378906,0.00022721290588378906,0.00022721290588378906,6.968800153117627e-05,1.0,1.0,3.2604308128356934
190,18,290,supports_cannot,0.00022685527801513672,0.00022685527801513672,0.00022685527801513672,0.0001465973473386839,1.0,1.0,1.5474718809127808
192,24,8765,supports_cannot,0.0002262890338897705,0.0002262890338897705,0.0002262890338897705,5.501494888449088e-05,1.0,1.0,4.1132283210754395
194,25,13289,supports_cannot,0.00022596120834350586,0.00022596120834350586,0.00022596120834350586,9.27458459045738e-05,1.0,1.0,2.4363486766815186
