rank,layer,neuron,direction,mean_ig,abs_mean_ig,mean_abs_ig,std_ig,positive_fraction,sign_consistency,snr
2,31,9936,supports_cannot,0.0040472452528774,0.0040472452528774,0.0040743253193795,0.0032019508071243,0.9742268323898317,0.9742268323898317,1.2639936208724976
3,16,1241,supports_cannot,0.00273078517057,0.00273078517057,0.0027443917933851,0.0029968081507831,0.984536111354828,0.984536111354828,0.9112312197685242
4,11,11321,supports_cannot,0.0018924450268968,0.0018924450268968,0.0018924450268968,0.0021807991433888,1.0,1.0,0.8677759170532227
5,13,4208,supports_cannot,0.0018735865596681,0.0018735865596681,0.001947212498635,0.0024527625646442,0.938144326210022,0.938144326210022,0.7638679146766663
6,20,2204,supports_cannot,0.001392843783833,0.001392843783833,0.001392843783833,0.0013753772946074,1.0,1.0,1.0126993656158447
7,25,8701,supports_cannot,0.0012471012305468,0.0012471012305468,0.0012471012305468,0.0009534850250929,1.0,1.0,1.3079400062561035
11,7,6673,supports_cannot,0.0011101214913651,0.0011101214913651,0.0011290339753031,0.0012919631553813,0.9793814420700072,0.9793814420700072,0.8592516779899597
12,6,5866,supports_cannot,0.0010526309488341,0.0010526309488341,0.0011830078437924,0.0013263901928439,0.8969072103500366,0.8969072103500366,0.7936058044433594
13,11,4258,supports_cannot,0.0010494878515601,0.0010494878515601,0.0011421497911214,0.0028023673221468,0.7216494679450989,0.7216494679450989,0.3745004534721374
14,20,3972,supports_cannot,0.0009966344805434,0.0009966344805434,0.0011446881107985,0.0020147182513028,0.7886598110198975,0.7886598110198975,0.4946768581867218
15,12,13860,supports_cannot,0.0009883049642667,0.0009883049642667,0.0010000341571867,0.0011119965929538,0.9793814420700072,0.9793814420700072,0.8887661695480347
17,31,4690,supports_cannot,0.0009020640864036,0.0009020640864036,0.0011730096302926,0.0020499734673649,0.6546391844749451,0.6546391844749451,0.4400369524955749
19,31,13076,supports_cannot,0.00084961875109,0.00084961875109,0.00084961875109,0.0008519959519617,1.0,1.0,0.9972098469734192
20,9,4255,supports_cannot,0.000826985866297,0.000826985866297,0.0008526705787517,0.0008878977969288,0.9432989954948424,0.9432989954948424,0.9313976168632508
24,31,14073,supports_cannot,0.0007399154710583,0.0007399154710583,0.0007399154710583,0.0006919850129634,1.0,1.0,1.0692651271820068
25,15,11853,supports_cannot,0.0007347820792347,0.0007347820792347,0.0007422068738378,0.0011325511150062,0.9587628841400146,0.9587628841400146,0.6487849354743958
26,22,4821,supports_cannot,0.0007174039492383,0.0007174039492383,0.0007266752654686,0.0006828230689279,0.9896907210350036,0.9896907210350036,1.050644040107727
27,15,5679,supports_cannot,0.0007159544038586,0.0007159544038586,0.0007167065050452,0.0007889355765655,0.9896907210350036,0.9896907210350036,0.9074941277503968
30,18,5964,supports_cannot,0.0006489446386694,0.0006489446386694,0.0006506215431727,0.0006309860618785,0.9896907210350036,0.9896907210350036,1.0284610986709597
31,16,4974,supports_cannot,0.0006257600034587,0.0006257600034587,0.0006257600034587,0.0005384251126088,1.0,1.0,1.162204384803772
33,16,6310,supports_cannot,0.0005944629083387,0.0005944629083387,0.0005972029175609,0.0006887495983392,0.9793814420700072,0.9793814420700072,0.863104522228241
37,31,5099,supports_cannot,0.0005743847577832,0.0005743847577832,0.0005748689873144,0.0006487192586064,0.9948453903198242,0.9948453903198242,0.8854134678840637
38,26,529,supports_cannot,0.0005584527971222,0.0005584527971222,0.0005596737610176,0.0005132968071848,0.9896907210350036,0.9896907210350036,1.0879725217819214
40,19,900,supports_cannot,0.0005481694824993,0.0005481694824993,0.0005485062138177,0.0005424796254374,0.9948453903198242,0.9948453903198242,1.0104886293411257
41,26,592,supports_cannot,0.0005339024355635,0.0005339024355635,0.0005339024355635,0.0004803294432349,1.0,1.0,1.1115338802337646
43,28,4130,supports_cannot,0.000525061332155,0.000525061332155,0.000525061332155,0.0004757010610774,1.0,1.0,1.103763222694397
44,16,11277,supports_cannot,0.000521934533026,0.000521934533026,0.000521934533026,0.0004038203915115,1.0,1.0,1.292491793632507
46,15,10757,supports_cannot,0.0005065854056738,0.0005065854056738,0.0005082064308226,0.000561929482501,0.9948453903198242,0.9948453903198242,0.9015106558799744
47,10,4789,supports_cannot,0.0005031258915551,0.0005031258915551,0.000658685399685,0.0016719399718567,0.6649484634399414,0.6649484634399414,0.3009234070777893
49,18,7148,supports_cannot,0.0004889897536486,0.0004889897536486,0.0005216291174292,0.000722829834558,0.9175257682800292,0.9175257682800292,0.6764935851097107
51,18,7417,supports_cannot,0.0004819438036065,0.0004819438036065,0.0006415011594071,0.0012833783403038,0.623711347579956,0.623711347579956,0.3755274415016174
53,16,12528,supports_cannot,0.0004756724229082,0.0004756724229082,0.0004756724229082,0.0004501574439927,1.0,1.0,1.0566800832748413
54,27,8140,supports_cannot,0.0004663565778173,0.0004663565778173,0.0004790498933289,0.000541565765161,0.9484536051750184,0.9484536051750184,0.8611264228820801
56,30,3382,supports_cannot,0.0004624251159839,0.0004624251159839,0.000466937868623,0.0008295078296214,0.9329897165298462,0.9329897165298462,0.5574692487716675
58,31,11999,supports_cannot,0.0004518671194091,0.0004518671194091,0.0004518671194091,0.0004713168891612,1.0,1.0,0.9587331414222716
59,20,1168,supports_cannot,0.0004472993605304,0.0004472993605304,0.0004472993605304,0.0002969001070596,1.0,1.0,1.5065652132034302
64,31,8591,supports_cannot,0.0004371567629277,0.0004371567629277,0.0004371567629277,0.0004292076046112,1.0,1.0,1.0185205936431885
67,26,11941,supports_cannot,0.0004279570421203,0.0004279570421203,0.0004372295516077,0.0005401373491622,0.9432989954948424,0.9432989954948424,0.7923114895820618
68,10,11570,supports_cannot,0.0004221551062073,0.0004221551062073,0.0005737438914366,0.0010477098403498,0.876288652420044,0.876288652420044,0.4029313027858734
71,20,5237,supports_cannot,0.0004126484855078,0.0004126484855078,0.0004128752334509,0.0004032956785522,0.9948453903198242,0.9948453903198242,1.023190975189209
73,22,7399,supports_cannot,0.0004097373748663,0.0004097373748663,0.0004097373748663,0.0003801726561505,1.0,1.0,1.0777665376663208
74,19,8952,supports_cannot,0.0004090076836291,0.0004090076836291,0.0004090076836291,0.0002548279298935,1.0,1.0,1.6050347089767456
76,23,2343,supports_cannot,0.0004013134748674,0.0004013134748674,0.0004013134748674,0.0004737270064651,1.0,1.0,0.8471407890319824
77,31,12446,supports_cannot,0.0003996641898993,0.0003996641898993,0.0003996641898993,0.0004144025151617,1.0,1.0,0.9644347429275512
78,18,8592,supports_cannot,0.0003974041319452,0.0003974041319452,0.0003988973330706,0.0002916039084084,0.9948453903198242,0.9948453903198242,1.3628216981887815
82,28,3057,supports_cannot,0.0003781570703722,0.0003781570703722,0.0003781570703722,0.0003061215102206,1.0,1.0,1.2353168725967407
84,30,11618,supports_cannot,0.0003755940706469,0.0003755940706469,0.0003755940706469,0.0003558979660738,1.0,1.0,1.0553419589996338
87,24,13102,supports_cannot,0.0003711120225489,0.0003711120225489,0.0003711120225489,0.0002828072174452,1.0,1.0,1.3122438192367554
88,13,13879,supports_cannot,0.0003692068275995,0.0003692068275995,0.0004827026859857,0.0009642360964789,0.7371134161949158,0.7371134161949158,0.3829008638858795
90,18,3236,supports_cannot,0.0003663946699816,0.0003663946699816,0.0003680857189465,0.000468889484182,0.984536111354828,0.984536111354828,0.7814094424247742
91,28,12743,supports_cannot,0.0003630239225458,0.0003630239225458,0.0003630239225458,0.0003731298784259,1.0,1.0,0.9729157090187072
95,24,9569,supports_cannot,0.0003538613964337,0.0003538613964337,0.0003559924371074,0.0003790556802414,0.9948453903198242,0.9948453903198242,0.9335340857505798
98,15,5080,supports_cannot,0.0003432207449804,0.0003432207449804,0.0003432207449804,0.0005853869370184,1.0,1.0,0.58631432056427
99,19,14046,supports_cannot,0.0003401615540497,0.0003401615540497,0.0003411649959161,0.0004232238279655,0.969072163105011,0.969072163105011,0.8037391304969788
100,17,1632,supports_cannot,0.0003385958552826,0.0003385958552826,0.000341979204677,0.0003932227264158,0.9793814420700072,0.9793814420700072,0.8610790371894836
103,14,1406,supports_cannot,0.0003362509887665,0.0003362509887665,0.000338384474162,0.0004991982132196,0.984536111354828,0.984536111354828,0.673582136631012
104,31,2153,supports_cannot,0.0003361732815392,0.0003361732815392,0.0003361732815392,0.0002987142943311,1.0,1.0,1.1254006624221802
105,23,12181,supports_cannot,0.0003358153335284,0.0003358153335284,0.0003386517637409,0.0003455395053606,0.9587628841400146,0.9587628841400146,0.971858024597168
106,16,6772,supports_cannot,0.0003346711746416,0.0003346711746416,0.0003368992765899,0.0003724684356711,0.9896907210350036,0.9896907210350036,0.8985222578048706
107,30,12394,supports_cannot,0.0003313990600872,0.0003313990600872,0.0003614656161516,0.0004677795805037,0.8917526006698608,0.8917526006698608,0.7084513306617737
109,15,6918,supports_cannot,0.0003272239700891,0.0003272239700891,0.0003272239700891,0.000375134171918,1.0,1.0,0.8722851276397705
111,28,13790,supports_cannot,0.0003240510995965,0.0003240510995965,0.0003240510995965,0.0002787532284855,1.0,1.0,1.1625016927719116
113,18,11215,supports_cannot,0.0003202821826562,0.0003202821826562,0.000320445629768,0.0003110915422439,0.9948453903198242,0.9948453903198242,1.029543161392212
114,16,2995,supports_cannot,0.0003197257756255,0.0003197257756255,0.0003197257756255,0.0002859105006791,1.0,1.0,1.1182721853256226
116,28,7737,supports_cannot,0.0003161974309477,0.0003161974309477,0.0003161974309477,0.0002398038486717,1.0,1.0,1.318566918373108
117,28,9628,supports_cannot,0.0003155832528136,0.0003155832528136,0.0003155832528136,0.0002467724261805,1.0,1.0,1.2788432836532593
118,14,12563,supports_cannot,0.0003129182441625,0.0003129182441625,0.000313293072395,0.0002919552789535,0.9948453903198242,0.9948453903198242,1.071802020072937
123,29,90,supports_cannot,0.0003081335744354,0.0003081335744354,0.0003081335744354,0.0003023119061253,1.0,1.0,1.0192571878433228
124,28,7137,supports_cannot,0.000307758746203,0.000307758746203,0.000307758746203,0.000195899803657,1.0,1.0,1.5710008144378662
125,30,1754,supports_cannot,0.0003061571042053,0.0003061571042053,0.0003061571042053,0.000235802915995,1.0,1.0,1.2983601093292236
126,23,1498,supports_cannot,0.0003052200190722,0.0003052200190722,0.0003052200190722,0.0002432803885312,1.0,1.0,1.2546018362045288
129,30,7545,supports_cannot,0.0003046826459467,0.0003046826459467,0.0003053850086871,0.0003501116298139,0.9948453903198242,0.9948453903198242,0.8702442646026611
132,27,1686,supports_cannot,0.0003026619378942,0.0003026619378942,0.0003026619378942,0.0002320509083801,1.0,1.0,1.3042911291122437
133,16,11992,supports_cannot,0.0003007601189892,0.0003007601189892,0.0003093321283813,0.0006564024370163,0.8711340427398682,0.8711340427398682,0.4581947028636932
134,23,9380,supports_cannot,0.0003006989718414,0.0003006989718414,0.0003249648434575,0.000358532735845,0.9278350472450256,0.9278350472450256,0.8386932015419006
136,20,8323,supports_cannot,0.0002982014266308,0.0002982014266308,0.0002982014266308,0.0002851607569027,1.0,1.0,1.0457309484481812
138,28,10351,supports_cannot,0.000297469261568,0.000297469261568,0.000297469261568,0.0002259596803924,1.0,1.0,1.316470503807068
139,25,12046,supports_cannot,0.0002966679749079,0.0002966679749079,0.0002966679749079,0.0003620593633968,1.0,1.0,0.8193904161453247
140,16,3884,supports_cannot,0.0002963631995953,0.0002963631995953,0.0002963631995953,0.0002594413526821,1.0,1.0,1.1423128843307495
142,23,4769,supports_cannot,0.000294443569146,0.000294443569146,0.000294443569146,0.0002338070917176,1.0,1.0,1.2593441009521484
143,17,12927,supports_cannot,0.0002917920937761,0.0002917920937761,0.000293746124953,0.0005131617072038,0.9793814420700072,0.9793814420700072,0.5686162710189819
147,31,7267,supports_cannot,0.0002889755996875,0.0002889755996875,0.0003071630198974,0.000293712131679,0.9793814420700072,0.9793814420700072,0.9838735461235046
151,31,5178,supports_cannot,0.0002851255703717,0.0002851255703717,0.0002851255703717,0.0003123031638097,1.0,1.0,0.912976861000061
153,19,10082,supports_cannot,0.0002845971321221,0.0002845971321221,0.0002910270413849,0.0004467146936804,0.938144326210022,0.938144326210022,0.6370892524719238
154,24,8765,supports_cannot,0.0002845949784386,0.0002845949784386,0.0002845949784386,0.0003403606533538,1.0,1.0,0.8361570835113525
159,29,8508,supports_cannot,0.000281183689367,0.000281183689367,0.000281183689367,0.0002447191800456,1.0,1.0,1.1490055322647097
161,20,88,supports_cannot,0.0002802929957397,0.0002802929957397,0.0002802929957397,0.0002459459356032,1.0,1.0,1.1396528482437134
163,18,6431,supports_cannot,0.0002785813703667,0.0002785813703667,0.0002785813703667,0.0002609950024634,1.0,1.0,1.0673819780349731
165,31,287,supports_cannot,0.0002776206238195,0.0002776206238195,0.0002781005168799,0.0002026626898441,0.9948453903198242,0.9948453903198242,1.3698655366897583
167,29,911,supports_cannot,0.000274025282124,0.000274025282124,0.000274025282124,0.0002820480731315,1.0,1.0,0.971555233001709
169,16,12860,supports_cannot,0.0002733883738983,0.0002733883738983,0.0002765333047136,0.0002640424063429,0.9896907210350036,0.9896907210350036,1.0353957414627075
170,12,5760,supports_cannot,0.0002720303891692,0.0002720303891692,0.0003050415252801,0.0003214897296857,0.8969072103500366,0.8969072103500366,0.8461557626724243
171,17,4802,supports_cannot,0.0002716629242058,0.0002716629242058,0.0002733287692535,0.0001946479460457,0.9896907210350036,0.9896907210350036,1.3956629037857056
173,31,10850,supports_cannot,0.0002713102148845,0.0002713102148845,0.0002713102148845,0.0002195728447986,1.0,1.0,1.2356274127960205
174,19,6804,supports_cannot,0.0002713052963372,0.0002713052963372,0.0002713052963372,0.0002421519602648,1.0,1.0,1.120392680168152
176,19,12151,supports_cannot,0.0002693991700652,0.0002693991700652,0.0002753018634393,0.0001975888299057,0.9742268323898317,0.9742268323898317,1.3634332418441772
178,31,4995,supports_cannot,0.000268733681878,0.000268733681878,0.0002695220755413,0.0002288719115313,0.9896907210350036,0.9896907210350036,1.1741663217544556
179,31,7450,supports_cannot,0.0002677025913726,0.0002677025913726,0.0002677025913726,0.0003060696180909,1.0,1.0,0.8746460676193237
180,31,10459,supports_cannot,0.0002670727553777,0.0002670727553777,0.0002670727553777,0.0003347515303175,1.0,1.0,0.7978238463401794
183,12,6358,supports_cannot,0.0002664717903826,0.0002664717903826,0.0002671772090252,0.0002492198545951,0.9896907210350036,0.9896907210350036,1.0692237615585327
